blue,2008,Suzuki
blue,2006,Ducati
black,2001,BMW
white,2005,Honda
white,2007,Ducati
blue,2010,BMW
black,2011,Honda
black,2010,Suzuki
blue,2013,BMW
white,2007,Aprilia
blue,2015,Aprilia
black,2002,BMW
black,2013,Ducati
white,2008,BMW
black,2013,Ducati
blue,2002,BMW
white,1997,Ducati
white,1998,BMW
blue,2008,Honda
white,2000,Aprilia
white,2000,BMW
blue,2006,Ducati
black,2015,Honda
white,2003,Aprilia
black,2013,BMW
blue,2007,Honda
blue,2014,Aprilia
white,1997,Ducati
blue,2012,BMW
blue,2013,Suzuki
white,2010,Aprilia
white,2001,Suzuki
blue,1997,Ducati
white,2008,Aprilia
white,2012,Aprilia
blue,2003,Aprilia
blue,2007,BMW
blue,2013,BMW
white,2009,Suzuki
black,2002,BMW
white,2003,BMW
white,2009,BMW
white,2001,Aprilia
black,2006,Aprilia
white,2001,Honda
white,1997,Aprilia
blue,1999,Ducati
black,1997,Honda
black,2003,Honda
black,1999,Honda
blue,2001,Ducati
white,2005,BMW
white,2015,Suzuki
white,2004,Aprilia
white,2012,Honda
white,2008,Ducati
black,1997,Aprilia
white,2011,Ducati
white,1997,Suzuki
black,2004,BMW
blue,2015,Suzuki
white,2006,Aprilia
blue,2012,Ducati
black,2000,BMW
blue,2005,Aprilia
white,2006,Aprilia
white,2012,Aprilia
blue,1998,BMW
white,2001,Ducati
white,2008,Ducati
blue,2004,Suzuki
black,2011,Honda
white,2012,BMW
black,2013,Suzuki
white,2003,BMW
blue,2000,Aprilia
white,2013,Aprilia
white,2002,Suzuki
black,2004,Ducati
white,2015,Ducati
black,2005,Honda
black,1998,Ducati
blue,2015,Suzuki
blue,2007,Honda
black,1997,Aprilia
black,2006,BMW
black,1999,Suzuki
black,2008,Ducati
blue,2014,Aprilia
black,2000,BMW
black,2001,Honda
black,2008,Ducati
white,2008,BMW
blue,1999,Aprilia
black,2007,Aprilia
white,2011,BMW
blue,2003,Honda
white,2009,Aprilia
blue,2008,Aprilia
black,2006,Aprilia
blue,2012,BMW
blue,2011,Aprilia
black,2007,Aprilia
white,2006,BMW
blue,2005,Aprilia
white,2011,BMW
blue,2006,Ducati
blue,2005,Honda
blue,2002,Honda
blue,2001,Ducati
white,2002,Suzuki
blue,2005,Aprilia
white,1999,Aprilia
white,2005,Suzuki
blue,2010,BMW
black,2012,Ducati
blue,2012,Ducati
black,2001,Ducati
blue,2004,Honda
blue,2011,Ducati
black,2004,Suzuki
black,2004,BMW
white,2013,Ducati
blue,2008,BMW
black,2014,Honda
blue,2002,BMW
blue,2014,Suzuki
black,2008,Suzuki
blue,2010,Suzuki
white,2004,Honda
blue,2008,Aprilia
black,1997,Honda
white,2009,Honda
white,2011,Honda
black,1997,BMW
white,2007,BMW
blue,2004,Suzuki
white,2006,BMW
white,2005,Honda
white,2015,Honda
white,1998,Honda
blue,2003,Ducati
blue,2005,Ducati
white,2011,Aprilia
black,2011,BMW
white,2011,BMW
black,2015,Honda
blue,2006,Suzuki
black,2010,BMW
black,1997,Honda
black,1998,Honda
black,1999,Ducati
white,2004,Ducati
blue,2000,Honda
black,1999,BMW
white,2010,Ducati
white,1997,BMW
white,2001,Suzuki
blue,2009,Honda
blue,1999,Suzuki
white,1998,Honda
blue,2008,Honda
black,2004,Aprilia
black,2002,Suzuki
white,2005,Ducati
white,2008,BMW
blue,2005,Aprilia
blue,2009,Ducati
blue,2007,Ducati
black,2006,Honda
white,2002,Honda
blue,2010,Suzuki
blue,2002,Ducati
white,1999,Honda
blue,1999,Suzuki
black,2002,Ducati
black,2011,BMW
white,2012,Suzuki
white,2009,Suzuki
white,2011,Suzuki
white,2006,Ducati
white,2008,Honda
white,1999,Aprilia
white,2002,Suzuki
white,2000,Honda
black,2010,BMW
blue,2009,Honda
white,2011,Honda
blue,2005,Ducati
white,1997,Suzuki
blue,2010,Honda
blue,2003,BMW
white,2001,Ducati
white,2013,BMW
blue,2012,Honda
blue,2002,Aprilia
black,2015,Suzuki
white,2011,Suzuki
blue,2002,Aprilia
blue,1997,Suzuki
blue,2006,Ducati
white,2013,Aprilia
black,2012,Suzuki
white,2007,Suzuki
white,2006,Suzuki
black,2000,BMW
blue,2012,Suzuki
white,2010,Honda
black,2004,BMW
blue,2006,Ducati
blue,2001,BMW
white,2002,Ducati
white,2013,Honda
blue,2003,Honda
black,2003,Honda
white,1999,Aprilia
blue,2004,Honda
black,2000,Suzuki
blue,2001,Aprilia
white,2015,Suzuki
black,1997,BMW
white,2015,BMW
blue,2010,Suzuki
blue,2006,Aprilia
black,2010,Honda
white,2010,BMW
white,2009,Ducati
black,2015,BMW
blue,2003,Aprilia
white,2001,Honda
white,2011,Aprilia
blue,2013,Honda
black,1998,Honda
white,2008,BMW
blue,2002,Suzuki
black,2006,Ducati
black,1997,Honda
black,2010,Ducati
white,2010,Honda
white,2000,Aprilia
black,2001,Aprilia
black,1999,BMW
black,2009,Suzuki
blue,2010,Ducati
white,1997,Honda
black,2012,Honda
black,2014,Aprilia
white,2003,Suzuki
blue,2011,Honda
black,2015,BMW
blue,2010,Honda
black,2011,Suzuki
blue,2000,Aprilia
black,2008,Honda
black,1997,BMW
white,1999,Aprilia
white,2000,Suzuki
black,2013,Honda
black,2015,BMW
blue,2004,Honda
black,2000,Ducati
blue,2014,Suzuki
black,2002,Ducati
blue,2005,BMW
white,1999,Suzuki
blue,2010,Ducati
white,2012,Aprilia
black,2002,Aprilia
black,2014,Suzuki
black,1998,Honda
white,2015,BMW
white,2006,Honda
black,2005,BMW
white,2003,Aprilia
black,2008,BMW
black,2005,Honda
black,2008,Honda
blue,2001,Ducati
black,2015,BMW
white,2003,Aprilia
black,1998,Suzuki
black,2013,Suzuki
white,2003,BMW
white,1997,Ducati
white,2012,Aprilia
white,2009,Ducati
white,2010,Aprilia
blue,2009,Suzuki
white,2013,BMW
black,2015,Ducati
blue,1999,Ducati
white,1997,BMW
black,2007,Suzuki
white,1998,Honda
blue,2005,Ducati
black,2006,Suzuki
white,2012,Suzuki
white,2008,Aprilia
black,2006,BMW
white,2007,Suzuki
blue,2008,Aprilia
blue,2003,Ducati
black,1997,Suzuki
black,2006,Honda
blue,2000,Ducati
black,1997,Aprilia
blue,2004,Ducati
blue,2004,Aprilia
white,2015,Honda
blue,2008,BMW
white,2000,Honda
white,2015,Suzuki
white,2000,Suzuki
blue,2008,Aprilia
blue,2011,Aprilia
black,2006,Aprilia
blue,2009,BMW
blue,2007,Ducati
white,2006,Suzuki
blue,2007,Honda
white,2012,BMW
black,2000,Ducati
white,1999,BMW
white,2014,Honda
blue,2005,Honda
blue,1997,Suzuki
black,2013,Ducati
black,1999,Ducati
white,2006,Suzuki
blue,2009,Ducati
black,2002,Aprilia
blue,2006,Aprilia
white,2009,Ducati
white,2008,Aprilia
black,2006,Aprilia
white,2003,Aprilia
blue,1999,BMW
black,2004,Aprilia
black,2008,Ducati
blue,2011,BMW
white,2008,Suzuki
blue,2011,Suzuki
blue,2003,Aprilia
blue,2001,Honda
black,2001,Ducati
black,1999,Honda
blue,2008,Honda
white,2001,Suzuki
black,2015,Ducati
white,2012,Honda
white,1998,Suzuki
black,2002,BMW
blue,2007,Suzuki
blue,2005,BMW
blue,2009,Honda
black,2000,Aprilia
black,2007,Suzuki
white,2004,Suzuki
blue,2006,BMW
blue,1997,Ducati
white,2001,BMW
blue,2010,BMW
black,1998,BMW
white,2005,Suzuki
blue,2009,Suzuki
white,2001,Suzuki
blue,2015,Ducati
black,2015,Ducati
blue,2011,BMW
blue,2012,BMW
white,2010,Ducati
black,2010,Ducati
blue,2005,BMW
black,1999,Ducati
black,2001,BMW
white,2011,Honda
white,2000,Ducati
white,2009,Ducati
white,1998,Honda
blue,2002,Honda
black,2003,Suzuki
blue,2010,Aprilia
white,2010,Ducati
black,2015,Ducati
black,2006,Aprilia
black,2009,BMW
black,2007,BMW
white,1999,Suzuki
black,1998,BMW
black,2006,Honda
white,1999,BMW
black,2005,Suzuki
black,2010,BMW
blue,2011,Honda
white,2006,Aprilia
white,2010,Aprilia
blue,1999,Ducati
white,2002,Suzuki
blue,2004,Aprilia
black,2007,Suzuki
white,2000,Honda
blue,2008,BMW
black,2005,Ducati
black,2015,Ducati
white,2001,Aprilia
white,2001,BMW
black,2015,Honda
black,2015,Ducati
white,2003,BMW
blue,2008,Suzuki
white,2005,Ducati
white,2005,Suzuki
white,2000,Ducati
blue,2011,Suzuki
black,2002,Honda
white,2008,Honda
black,2001,Ducati
white,2006,BMW
black,2010,Ducati
black,2013,Ducati
blue,2010,Ducati
black,1997,Ducati
black,1998,Suzuki
black,2010,Ducati
black,1999,Honda
white,2009,Honda
black,2013,Suzuki
white,2009,Honda
blue,2013,Suzuki
blue,1997,BMW
black,1999,Suzuki
white,2000,Suzuki
blue,2005,Aprilia
black,2006,Ducati
black,2008,Suzuki
white,2000,Suzuki
blue,1998,BMW
black,2013,Honda
blue,2013,Honda
blue,2000,Honda
blue,2007,Suzuki
white,2010,BMW
blue,1998,BMW
white,2002,Ducati
blue,2002,Honda
white,2013,BMW
white,2015,Suzuki
blue,2006,Ducati
white,2011,Aprilia
blue,2015,Honda
white,2009,Ducati
blue,2003,Ducati
white,2009,BMW
black,2013,Suzuki
black,2004,Aprilia
black,1997,Aprilia
white,2015,Aprilia
black,2004,Suzuki
white,2003,Aprilia
white,2010,BMW
black,2004,Ducati
white,2007,Aprilia
blue,2003,Aprilia
blue,2009,Suzuki
blue,2014,BMW
black,2006,Suzuki
blue,2005,BMW
blue,2009,Ducati
black,2000,Aprilia
blue,1998,Honda
blue,2004,Aprilia
blue,2015,Ducati
black,2005,Honda
blue,2000,Suzuki
black,2013,Ducati
black,2011,Ducati
black,2013,Ducati
black,2006,Suzuki
black,2005,Aprilia
blue,2004,Honda
white,2003,Suzuki
white,2001,BMW
white,1997,Ducati
white,2001,BMW
black,2008,Aprilia
white,2015,Aprilia
white,2015,Ducati
white,2001,Honda
black,2003,BMW
blue,2011,BMW
blue,1997,Ducati
white,1999,BMW
blue,2015,Aprilia
black,2001,Honda
white,2008,Ducati
white,1997,Suzuki
black,2014,BMW
white,2001,Ducati
black,2002,Ducati
black,1997,Suzuki
blue,1999,BMW
blue,2000,BMW
black,1999,Honda
black,2007,Suzuki
white,2007,BMW
black,2009,BMW
black,2014,Suzuki
blue,2010,Honda
black,2000,Ducati
black,1999,Aprilia
white,1997,BMW
black,2012,BMW
black,2002,Ducati
blue,2011,Honda
black,2005,Ducati
blue,2003,Ducati
white,2003,Aprilia
blue,2011,Ducati
black,2014,BMW
blue,1997,Suzuki
blue,2007,Honda
black,2014,Ducati
black,2012,Ducati
black,2007,Ducati
white,2011,Aprilia
black,2012,BMW
white,1998,Ducati
black,2015,Aprilia
black,2005,Honda
black,2005,Honda
white,2010,Aprilia
white,2003,Suzuki
black,2015,Aprilia
black,1999,Honda
black,2001,Aprilia
black,1998,Aprilia
white,2000,Suzuki
black,2011,Suzuki
black,2015,BMW
black,2006,BMW
black,2013,Ducati
white,2013,Honda
black,2002,Honda
white,2000,Honda
black,1999,Ducati
blue,1997,Ducati
blue,2002,Aprilia
white,2002,Suzuki
blue,2014,BMW
blue,1998,BMW
black,2002,Suzuki
black,2001,Aprilia
blue,1997,Suzuki
white,1998,Suzuki
blue,2003,Honda
blue,2008,Honda
white,2015,Suzuki
white,2012,Ducati
blue,2007,Ducati
blue,2006,Honda
black,2007,Suzuki
blue,2005,Ducati
white,2012,BMW
blue,2006,Ducati
white,2002,Ducati
black,2006,Aprilia
black,2004,Ducati
white,2007,Ducati
blue,2008,BMW
blue,2002,Honda
black,2004,Honda
black,2014,Ducati
black,2013,Aprilia
blue,2012,Aprilia
blue,2005,Suzuki
black,2011,Ducati
blue,2014,Honda
white,1997,Suzuki
white,2011,Ducati
black,2008,Suzuki
white,2005,Ducati
white,2015,Honda
white,2012,Honda
white,2009,Ducati
black,2015,BMW
white,2006,Aprilia
black,1998,Suzuki
blue,2002,Aprilia
white,1997,Suzuki
white,2012,Ducati
blue,2001,BMW
black,1998,Ducati
blue,2005,Suzuki
black,2007,Aprilia
black,1999,Honda
blue,2009,Honda
white,2012,Aprilia
blue,2011,BMW
white,2003,BMW
blue,2008,Suzuki
blue,2014,Suzuki
blue,2007,BMW
black,2008,Honda
white,2012,Aprilia
blue,1998,Aprilia
black,1997,Suzuki
white,2010,Suzuki
blue,2013,Suzuki
black,2006,BMW
blue,2012,Aprilia
black,2002,BMW
blue,2013,BMW
black,1997,Ducati
white,2001,BMW
white,2008,Aprilia
black,2013,Suzuki
blue,2009,Ducati
black,2008,Suzuki
white,2007,Aprilia
black,2002,Suzuki
black,2006,Ducati
black,2012,Ducati
black,2003,BMW
black,2013,Suzuki
white,2005,BMW
black,2007,Suzuki
blue,1998,Honda
blue,2006,Ducati
black,2001,Honda
white,2008,BMW
white,2012,BMW
black,2005,Aprilia
black,2004,Aprilia
blue,2000,Aprilia
white,2008,BMW
black,2007,Honda
blue,2003,Suzuki
black,2006,Honda
blue,2011,Honda
blue,2000,BMW
blue,2015,Aprilia
black,2015,Honda
white,2004,Suzuki
blue,1999,Aprilia
blue,2014,Suzuki
black,2005,Aprilia
blue,2012,Aprilia
white,2007,Aprilia
black,2012,BMW
black,2014,Ducati
black,2004,BMW
black,2013,Honda
black,1998,Ducati
black,2003,Aprilia
white,2007,BMW
black,2011,Honda
white,2012,Aprilia
white,2001,Aprilia
black,2003,Suzuki
black,2012,Honda
blue,1999,Suzuki
blue,2007,Aprilia
white,2003,Honda
black,1999,BMW
white,2014,BMW
white,2003,Ducati
black,2009,Ducati
white,2009,Honda
blue,1999,BMW
black,2009,Aprilia
blue,2000,Ducati
white,2013,Suzuki
white,2002,BMW
blue,2001,Aprilia
blue,2008,Suzuki
black,2014,Suzuki
blue,2013,Suzuki
white,2011,Aprilia
blue,2002,Suzuki
white,2002,Honda
white,2007,Suzuki
black,2002,Suzuki
white,2007,Suzuki
black,2001,Ducati
white,2006,Suzuki
blue,2005,Suzuki
white,1999,Honda
white,2012,Aprilia
white,2005,Suzuki
blue,1997,BMW
white,2010,BMW
black,2011,Honda
blue,2007,Suzuki
white,2001,Suzuki
black,2014,Honda
black,2006,BMW
black,2001,BMW
white,2012,Honda
white,2015,BMW
blue,2005,BMW
white,2014,Suzuki
blue,2009,Aprilia
white,2012,Suzuki
black,1999,Aprilia
blue,2011,Aprilia
black,2002,Ducati
white,1999,Aprilia
black,2001,Ducati
black,2010,Ducati
black,1998,BMW
white,2004,Ducati
blue,2005,Aprilia
blue,2014,BMW
white,2003,Honda
black,2005,Honda
black,2008,Suzuki
black,2006,Aprilia
blue,2013,Suzuki
white,2008,Honda
blue,2006,Honda
blue,2002,Honda
blue,2012,Suzuki
white,2012,Honda
blue,2011,BMW
blue,2013,Aprilia
black,2009,BMW
white,2001,Suzuki
white,2002,Aprilia
blue,1997,Honda
blue,1998,Ducati
black,2015,Aprilia
blue,2009,Aprilia
white,2011,Aprilia
blue,2009,Honda
black,2008,Suzuki
white,2005,Suzuki
white,2014,BMW
blue,1999,BMW
white,2012,Ducati
black,2001,BMW
blue,2001,Honda
black,2002,BMW
black,1998,Aprilia
black,1999,Ducati
white,2000,Honda
blue,2005,BMW
blue,2002,Honda
black,2009,BMW
blue,2008,Ducati
white,1998,BMW
white,2010,BMW
black,2003,BMW
blue,1997,Ducati
blue,2004,Honda
black,2001,Suzuki
white,2000,Honda
blue,1998,Honda
white,2000,Suzuki
black,2004,Aprilia
white,2007,Aprilia
blue,2000,Ducati
blue,1998,Aprilia
black,2004,Aprilia
black,2012,Suzuki
blue,2014,Suzuki
black,2015,Aprilia
white,2014,Honda
blue,1999,BMW
black,2012,BMW
black,2015,Honda
blue,2015,Ducati
blue,2009,Ducati
blue,2006,Aprilia
white,2004,Aprilia
black,2013,Aprilia
white,2009,Honda
blue,1998,Suzuki
blue,2014,Honda
blue,2006,Honda
black,2012,BMW
white,2007,Honda
black,1998,Suzuki
white,2015,BMW
white,1999,Aprilia
blue,2013,Aprilia
black,2000,Aprilia
white,2010,Suzuki
black,1997,Honda
blue,1998,Ducati
white,2012,Honda
black,2007,Suzuki
white,1998,Ducati
black,2007,Aprilia
black,2005,Ducati
white,2005,Suzuki
blue,2007,Honda
blue,2014,Honda
white,1998,Suzuki
blue,2007,Aprilia
blue,2012,Suzuki
white,2010,Suzuki
blue,2005,BMW
blue,2012,BMW
white,2010,Honda
white,2014,Honda
black,1999,Suzuki
black,2004,Suzuki
black,2007,BMW
blue,2003,Honda
white,2009,Ducati
white,2011,Suzuki
black,2006,Suzuki
white,2001,Suzuki
white,2008,Ducati
white,1999,Ducati
blue,2015,Aprilia
white,1997,Aprilia
white,2007,Honda
white,1997,Suzuki
black,2004,Honda
black,1999,Honda
black,1999,Honda
blue,2005,Suzuki
white,2002,BMW
black,1998,Aprilia
white,2006,Honda
white,2004,Ducati
black,2013,Ducati
black,2011,Honda
blue,2002,Aprilia
white,1999,Ducati
white,2014,Ducati
blue,2003,Aprilia
white,2014,BMW
black,1998,Aprilia
black,2003,Ducati
blue,1999,Ducati
white,2001,BMW
white,2006,BMW
blue,1999,Suzuki
white,2008,Suzuki
blue,2013,Suzuki
white,2005,BMW
blue,2010,Suzuki
white,2007,Honda
white,2014,Suzuki
white,2001,Honda
white,2003,Aprilia
black,2010,Aprilia
black,2015,Honda
black,2002,Honda
blue,2005,BMW
blue,2013,BMW
blue,2002,Suzuki
white,2000,Suzuki
blue,2000,BMW
black,2014,BMW
blue,2013,Honda
white,2004,BMW
blue,2011,Ducati
black,2001,Aprilia
black,2008,Honda
blue,2001,Aprilia
white,2008,BMW
blue,1997,Suzuki
black,1999,Honda
black,2004,Honda
blue,2001,Suzuki
white,2010,Honda
white,2003,Suzuki
black,2003,Aprilia
black,2013,Honda
white,2006,Honda
white,2008,Aprilia
white,2009,Ducati
white,2012,Suzuki
blue,2010,Honda
white,2009,Ducati
blue,2014,Honda
black,2012,BMW
blue,2014,Honda
white,2005,BMW
white,2006,Suzuki
black,2000,BMW
blue,2004,BMW
black,2012,Aprilia
blue,2011,BMW
blue,2015,Suzuki
blue,2015,Ducati
blue,2001,Honda
white,2005,BMW
black,2003,Aprilia
white,2004,Aprilia
black,1999,Ducati
blue,2006,Ducati
white,1997,Aprilia
black,2007,Ducati
blue,2003,Honda
black,2008,Ducati
white,2006,BMW
white,1997,Suzuki
white,2011,Aprilia
white,2007,Ducati
black,2008,Aprilia
black,2003,Honda
white,1999,Aprilia
white,1998,BMW
white,2009,Ducati
black,2007,Aprilia
white,1999,Suzuki
blue,1997,BMW
white,2005,Suzuki
blue,2010,Aprilia
blue,2004,BMW
black,2007,BMW
white,2008,Suzuki
blue,2005,Suzuki
blue,2013,BMW
white,2001,Honda
black,2012,Honda
blue,1998,Suzuki
white,2009,Aprilia
blue,2009,Suzuki
white,2011,Ducati
blue,2004,BMW
black,2013,Aprilia
blue,2008,Ducati
blue,2010,BMW
blue,2008,BMW
white,2000,Aprilia
black,1997,Honda
blue,2008,Ducati
blue,2010,Honda
blue,1999,Aprilia
white,2013,Ducati
black,2000,Honda
black,1998,BMW
blue,2001,Suzuki
white,2000,Aprilia
black,2011,Honda
white,2000,BMW
white,2014,Ducati
black,1998,BMW
black,2000,Aprilia
black,2003,Honda
white,2003,Aprilia
white,2014,Aprilia
white,2007,Honda
black,1999,Ducati
black,2011,Ducati
blue,1997,Ducati
blue,2007,Ducati
blue,1999,BMW
white,1998,Ducati
blue,2007,Honda
blue,2002,Aprilia
white,2009,BMW
blue,2011,Aprilia
white,1997,Honda
white,2003,Aprilia
blue,2015,Ducati
white,1998,Ducati
black,2010,Suzuki
blue,2012,Suzuki
blue,2011,Suzuki
white,2006,BMW
black,2007,BMW
blue,2004,Ducati
white,2005,BMW
white,2005,BMW
white,1998,BMW
black,2008,Aprilia
white,2008,Aprilia
white,2002,Suzuki
black,2012,Suzuki
blue,1999,Honda
white,2008,BMW
white,2012,Honda
white,1999,Aprilia
white,2010,Suzuki
blue,2005,BMW
white,2013,Suzuki
white,2003,Aprilia
white,2006,Ducati
black,2001,Ducati
black,2000,Suzuki
white,2011,Honda
white,2002,BMW
blue,2009,Suzuki
black,2000,Ducati
white,1998,Ducati
black,2005,BMW
blue,2010,Aprilia
blue,2001,Ducati
white,2014,Suzuki
white,2002,Honda
blue,2008,Ducati
blue,2000,BMW
white,2012,Suzuki
blue,2001,Aprilia
